Specialty,Sub-Specialty,Areas of Expertise,Center Name (Where Physician Sees Patients),Location,Address,City,Zip Code,Physician First Name,Physician Last Name,Is the Physician Accepting New Patients (Y/N)?,Languages Spoken by the Physician
Heart & Vascular,Interventional Cardiology,"Interventional Cardiology, Coronary Artery Disease; Cardiac Catheterization; Cardiac CT Angiography",UChicago Medicine Duchossois Center for Advanced Medicine - Hyde Park,Hyde Park,5758 S. Maryland Ave.,"Chicago, IL",60637,Adam,Vohra,Y,English
Heart & Vascular,Non-Interventional Cardiology,Preventive Cardiology; CAD; Heart Failure; Arrhythmias; Sports Cardiology,UChicago Medicine at Ingalls - Flossmoor,Ingalls - Flossmoor,19550 Governors Hwy.,"Flossmoor, IL",60422,Alexandru,Marginean,Y,English; Romanian; Spanish
Heart & Vascular,Non-Interventional Cardiology,Preventive Cardiology; General Cardiology,UChicago Medicine Duchossois Center for Advanced Medicine - Hyde Park,Hyde Park,5758 S. Maryland Ave.,"Chicago, IL",60637,Amber,Johnson,Y,"English, French"
Heart & Vascular,Non-Interventional Cardiology,General/Preventive Cardiology,UChicago Medicine Duchossois Center for Advanced Medicine - Hyde Park,Hyde Park,5758 S. Maryland Ave.,"Chicago, IL",60637,Amber,Kim,Y,English
Gastroenterology,Gastroenterology (IBD),Inflammatory Bowel Disease; Crohn’s; Ulcerative Colitis,UChicago Medicine Duchossois Center for Advanced Medicine - Hyde Park,Hyde Park,5758 S. Maryland Ave.,"Chicago, IL",60637,Ameesh,Vora,Y,English
Gastroenterology,Gastroenterology (General/Motility),GERD; Esophageal motility; Dysphagia; Functional GI disorders,UChicago Medicine Duchossois Center for Advanced Medicine - Hyde Park,Hyde Park,5758 S. Maryland Ave.,"Chicago, IL",60637,Amit,Patel,Y,English
Heart & Vascular,Cardiac Electrophysiology,"Catheter Ablation of Cardiac Arrhythmias; Pacemakers & Defibrillators; Ventricular Tachycardia, Hypertrophic Cardiomyopathy",UChicago Medicine Duchossois Center for Advanced Medicine - Hyde Park,Hyde Park,5758 S. Maryland Ave.,"Chicago, IL",60637,Andrew,Beaser,Y,English
Heart & Vascular,Cardiac Electrophysiology,"Catheter Ablation of Cardiac Arrhythmias; Pacemakers & Defibrillators; Ventricular Tachycardia, Hypertrophic Cardiomyopathy",UChicago Medicine Outpatient Center at Ingalls – Harvey,Ingalls - Harvey,71 W. 156th St.,"Harvey, IL",60426,Andrew,Beaser,Y,English
Heart & Vascular,Non-Interventional Cardiology,"Coronary Artery Disease, Hypertension; Arrhythmias; Heart Failure, Non-Invasive Cardiac (Heart) Testing",UChicago Medicine at Ingalls - Flossmoor,Ingalls - Flossmoor,19550 Governors Hwy.,"Flossmoor, IL",60422,Angel,Tejada,Y,English; Spanish
Gastroenterology,Hepatology (Liver),"Liver Diseases, Liver Transplant",UChicago Medicine Duchossois Center for Advanced Medicine - Hyde Park,Hyde Park,5758 S. Maryland Ave.,"Chicago, IL",60637,Anjana,Pillai,Y,English
Gastroenterology,Hepatology (Liver),"Liver Diseases, Liver Transplant",UChicago Medicine Orland Park,Orland Park,14290 S. La Grange Rd.,"Orland Park, IL",60462,Anjana,Pillai,Y,English
Gastroenterology,Gastroenterology (General),General Gastroenterology; Endoscopy; Colonoscopy,UChicago Medicine Duchossois Center for Advanced Medicine - Hyde Park,Hyde Park,5758 S. Maryland Ave.,"Chicago, IL",60637,Ankit,Bharadia,Y,English
Heart & Vascular,Interventional Cardiology,"Ventricular Assist Devices (VADs), Cardiomyopathy, Heart Transplant",UChicago Medicine Duchossois Center for Advanced Medicine - Hyde Park,Hyde Park,5758 S. Maryland Ave.,"Chicago, IL",60637,Ann,Nguyen,Y,"English, Vietnamese"
Heart & Vascular,Interventional Cardiology,"Heart Failure; Heart Transplant, Cardiomyopathy, Ventricular Assist Devices (VADs)",UChicago Medicine Duchossois Center for Advanced Medicine - Hyde Park,Hyde Park,5758 S. Maryland Ave.,"Chicago, IL",60637,Anthony,Kanelidis,Y,"English, Spanish"
Heart & Vascular,Interventional Cardiology,Coronary & Structural Heart Interventions; PFO; Aortic Valve Stenosis,UChicago Medicine Duchossois Center for Advanced Medicine - Hyde Park,Hyde Park,5758 S. Maryland Ave.,"Chicago, IL",60637,Atman,Shah,Y,English
Heart & Vascular,Interventional Cardiology,"Interventional Cardiology, Transcatheter Aortic Valve Replacement (TAVR), Carotid Artery Disease, Ventricular Assist Devices, Transcatheter Mitral Valve Repair (MitraClip), Valve Disease, Coronary Artery Disease, Peripheral Arterial Disease",UChicago Medicine Duchossois Center for Advanced Medicine - Hyde Park,Hyde Park,5758 S. Maryland Ave.,"Chicago, IL",60637,Atman,Shah,Y,English
Gastroenterology,Gastroenterology (General),"Colon Cancer Prevention, Liver Diseases, Gastroesophageal Reflux Disease (GERD), Inflammatory Bowel Disease (IBD)",UChicago Medicine River East,River East,355 E Grand Ave.,"Chicago, IL",60611,Benjamin,Levy,Y,"English, French"
Gastroenterology,Gastroenterology (General),"Colon Cancer Prevention, Liver Diseases, Gastroesophageal Reflux Disease (GERD), Inflammatory Bowel Disease (IBD)",UChicago Medicine Duchossois Center for Advanced Medicine - Hyde Park,Hyde Park,5758 S. Maryland Ave.,"Chicago, IL",60637,Benjamin,Levy,Y,"English, French"
Gastroenterology,Gastroenterology (General),"Colon Cancer Prevention, Liver Diseases, Gastroesophageal Reflux Disease (GERD), Inflammatory Bowel Disease (IBD)",UChicago Medicine Medical Group - Beverly,Beverly,11250 South Western Ave,"Chicago, IL",60643,Benjamin,Levy,Y,"English, French"
Gastroenterology,Gastroenterology (General),"Colon Cancer Prevention, Liver Diseases, Gastroesophageal Reflux Disease (GERD), Inflammatory Bowel Disease (IBD)",UChicago Medicine Orland Park,Orland Park,14290 S. La Grange Rd.,"Orland Park, IL",60462,Benjamin,Levy,Y,"English, French"
Heart & Vascular,Interventional Cardiology,"Ventricular Assist Devices (VADs), Cardiomyopathy, Heart Transplant",UChicago Medicine Duchossois Center for Advanced Medicine - Hyde Park,Hyde Park,5758 S. Maryland Ave.,"Chicago, IL",60637,Bow,Chung,Y,"English, Korean"
Heart & Vascular,Interventional Cardiology,"Ventricular Assist Devices (VADs), Cardiomyopathy, Heart Transplant",UChicago Medicine Crown Point,Crown Point,10855 Virginia St.,"Crown Point, IN",46307,Bow,Chung,Y,"English, Korean"
Heart & Vascular,Interventional Cardiology,"Ventricular Assist Devices (VADs), Cardiomyopathy, Heart Transplant",Uchicago Medicine at Prairie Heart Institute,Springfield,619 East Mason St.,"Springfield, IL",62769,Bow,Chung,Y,"English, Korean"
Heart & Vascular,Interventional Cardiology,"Ventricular Assist Devices (VADs), Cardiomyopathy, Heart Transplant",UChicago Medicine Outpatient Center at Ingalls – Harvey,Ingalls - Harvey,71 W. 156th St.,"Harvey, IL",60426,Bow,Chung,Y,"English, Korean"
Gastroenterology,Gastroenterology (General),General Gastroenterology,UChicago Medicine Duchossois Center for Advanced Medicine - Hyde Park,Hyde Park,5758 S. Maryland Ave.,"Chicago, IL",60637,Bradford,Chong,Y,English
Gastroenterology,Gastroenterology (General),General Gastroenterology,Uchicago Medicine Hinsdale,Hinsdale,11 Salt Creek Lane Suite 300,"Hinsdale, IL",60521,Bradford,Chong,Y,English
Gastroenterology,Hepatology (Liver),"Celiac Disease, Diarrheal Diseases, Nutrition Education",UChicago Medicine Duchossois Center for Advanced Medicine - Hyde Park,Hyde Park,5758 S. Maryland Ave.,"Chicago, IL",60637,Carol,Semrad,Y,English
Gastroenterology,Hepatology (Liver),"Celiac Disease, Diarrheal Diseases, Nutrition Education",UChicago Medicine River East,River East,355 E Grand Ave.,"Chicago, IL",60611,Carol,Semrad,Y,English
Heart & Vascular,Cardiac Electrophysiology,"Syncope (Fainting), Atrial Fibrillation, Arrhythmias, Ventricular Tachycardia",UChicago Medicine Duchossois Center for Advanced Medicine - Hyde Park,Hyde Park,5758 S. Maryland Ave.,"Chicago, IL",60637,Cevher,Ozcan,Y,"English, Turkish"
Heart & Vascular,Vascular Surgery,Vascular Surgery,UChicago Medicine Duchossois Center for Advanced Medicine - Hyde Park,Hyde Park,5758 S. Maryland Ave.,"Chicago, IL",60637,Chelsea,Dorsey,Y,English
Heart & Vascular,Vascular Surgery,Vascular Surgery,UChicago Medicine Orland Park,Orland Park,14290 South La Grange Rd,"Orland Park, IL",60462,Chelsea,Dorsey,Y,English
Heart & Vascular,Cardiac Surgery,"Mechanical Circulatory Support, Heart Transplant, Heart Failure, Chief, Section of Cardiac Surgery",UChicago Medicine Duchossois Center for Advanced Medicine - Hyde Park,Hyde Park,5758 S. Maryland Ave.,"Chicago, IL",60637,Christopher,Salerno,Y,English
Heart & Vascular,Vascular Surgery,"Mesenteric Ischemia, Carotid Artery Disease, Aortic Surgery, Complex Aortic Pathology",UChicago Medicine Duchossois Center for Advanced Medicine - Hyde Park,Hyde Park,5758 S. Maryland Ave.,"Chicago, IL",60637,Christopher,Skelly,Y,English
Heart & Vascular,Vascular Surgery,"Mesenteric Ischemia, Carotid Artery Disease, Aortic Surgery, Complex Aortic Pathology",UChicago Medicine Orland Park,Orland Park,14290 South La Grange Rd,"Orland Park, IL",60462,Christopher,Skelly,Y,English
Heart & Vascular,Vascular Surgery,"Renal Artery Disease, Abdominal Aortic Aneurysms, Mesenteric Artery Disease, Carotid Artery Disease, Aortic Disease",UChicago Medicine Duchossois Center for Advanced Medicine - Hyde Park,Hyde Park,5758 S. Maryland Ave.,"Chicago, IL",60637,Clayton,Brinster,Y,"English, Spanish"
Heart & Vascular,Vascular Surgery,"Renal Artery Disease, Abdominal Aortic Aneurysms, Mesenteric Artery Disease, Carotid Artery Disease, Aortic Disease",UChicago Medicine Crown Point,Crown Point,10855 Virginia St.,"Crown Point, IN",46307,Clayton,Brinster,Y,"English, Spanish"
Gastroenterology,Gastroenterology (General),Colon Cancer Prevention,UChicago Medicine at Ingalls - Flossmoor,Ingalls - Flossmoor,19550 Governors Hwy.,"Flossmoor, IL",60422,David,Atlas,Y,English
Heart & Vascular,Cardiac Surgery,"Thoracic Surgery, Cardiac Surgery, Transplant, Coronary Artery Bypass Surgery, Mechanical Circulatory Support",UChicago Medicine Duchossois Center for Advanced Medicine - Hyde Park,Hyde Park,5758 S. Maryland Ave.,"Chicago, IL",60637,David,Onsager,Y,English
Gastroenterology,Gastroenterology (IBD),Inflammatory Bowel Disease; Ulcerative Colitis; Crohn’s Disease; Dysplasia surveillance,UChicago Medicine Duchossois Center for Advanced Medicine - Hyde Park,Hyde Park,5758 S. Maryland Ave.,"Chicago, IL",60637,David,Rubin,Y,English
Gastroenterology,Gastroenterology (IBD),Inflammatory Bowel Disease; Ulcerative Colitis; Crohn’s Disease; Dysplasia surveillance,UChicago Medicine River East,River East,355 E Grand Ave.,"Chicago, IL",60611,David,Rubin,Y,English
Gastroenterology,Interventional Endoscopy,"Barrett's Esophagus, Gastrointestinal Cancers, Pancreatic Diseases",UChicago Medicine Duchossois Center for Advanced Medicine - Hyde Park,Hyde Park,5758 S. Maryland Ave.,"Chicago, IL",60637,Dennis,Chen,Y,"English, Mandarin Chinese"
Gastroenterology,Hepatology (Liver),"Small Bowel Disorders, Obesity",UChicago Medicine Duchossois Center for Advanced Medicine - Hyde Park,Hyde Park,5758 S. Maryland Ave.,"Chicago, IL",60637,Edwin,McDonald,Y,English
Gastroenterology,Hepatology (Liver),"Small Bowel Disorders, Obesity",UChicago Medicine South Loop,South Loop,1101 South Canal St. Suite 201,"Chicago, IL",60607,Edwin,McDonald,Y,English
Heart & Vascular,Non-Interventional Cardiology,"Coronary Artery Disease, Preventive Cardiology, General Cardiology",UChicago Medicine Duchossois Center for Advanced Medicine - Hyde Park,Hyde Park,5758 S. Maryland Ave.,"Chicago, IL",60637,Francis,Alenghat,Y,English
Heart & Vascular,Non-Interventional Cardiology,"General/Preventive Cardiology, Coronary Artery Disease",UChicago Medicine Duchossois Center for Advanced Medicine - Hyde Park,Hyde Park,5758 S. Maryland Ave.,"Chicago, IL",60637,Francis,Alenghat,Y,English
Heart & Vascular,Non-Interventional Cardiology,"General/Preventive Cardiology, Coronary Artery Disease",UChicago Medicine Orland Park,Orland Park,14290 South La Grange Rd,"Orland Park, IL",60462,Francis,Alenghat,Y,English
Heart & Vascular,Cardiac Electrophysiology,Conduction System Pacing; Cardiac Resynchronization; Catheter Ablation; Heart Failure,UChicago Medicine Orland Park,Orland Park,14290 S. La Grange Rd.,"Orland Park, IL",60462,Gaurav,Upadhyay,Y,English; Hindi
Heart & Vascular,Cardiac Electrophysiology,Conduction System Pacing; Cardiac Resynchronization; Catheter Ablation; Heart Failure,UChicago Medicine Duchossois Center for Advanced Medicine - Hyde Park,Hyde Park,5758 S. Maryland Ave.,"Chicago, IL",60637,Gaurav,Upadhyay,Y,English; Hindi
Heart & Vascular,Interventional Cardiology,"Transplant, Hypertrophic Cardiomyopathy",UChicago Medicine Duchossois Center for Advanced Medicine - Hyde Park,Hyde Park,5758 S. Maryland Ave.,"Chicago, IL",60637,Gene,Kim,Y,English
Gastroenterology,Interventional Endoscopy,"Endoscopy, ERCP, Therapeutic/Diagnostic Endocopic Ultrasound, Biliary Diseases, Barrett's Esophagus, Gastrointestinal Cancers, Colorectal Cancer, Pancreatic Cancer, Pancreatic Diseases",UChicago Medicine Duchossois Center for Advanced Medicine - Hyde Park,Hyde Park,5758 S. Maryland Ave.,"Chicago, IL",60637,Grace,Kim,Y,"English, Korean"
Heart & Vascular,Diagnostic Cardiology,"Women's Heart Disease, Echocardiography, Preventive Cardiology, Cardiac MRI, Cardiac Side Effects of Cancer Therapy, General Cardiology, Cardio-Obstetrics",UChicago Medicine River East,River East,355 E Grand Ave.,"Chicago, IL",60611,Hena,Patel,Y,English
Heart & Vascular,Diagnostic Cardiology,"Women's Heart Disease, Echocardiography, Preventive Cardiology, Cardiac MRI, Cardiac Side Effects of Cancer Therapy, General Cardiology, Cardio-Obstetrics",UChicago Medicine Duchossois Center for Advanced Medicine - Hyde Park,Hyde Park,5758 S. Maryland Ave.,"Chicago, IL",60637,Hena,Patel,Y,English
Heart & Vascular,Non-Interventional Cardiology,General Cardiology,UChicago Medicine Duchossois Center for Advanced Medicine - Hyde Park,Hyde Park,5758 S. Maryland Ave.,"Chicago, IL",60637,Henry,Huang,Y,English
Heart & Vascular,Cardiac Surgery,"Robotic Heart Surgery, Heart Failure, Arrhythmias, Coronary Artery Bypass Surgery, Minimally Invasive Cardiac Surgery",UChicago Medicine Duchossois Center for Advanced Medicine - Hyde Park,Hyde Park,5758 S. Maryland Ave.,"Chicago, IL",60637,Hiroto,Kitahara,Y,"English, Japanese"
Heart & Vascular,Cardiac Surgery,"Robotic Heart Surgery, Atrial Fibrillation Surgery, Total Endoscopic Coronary Artery Bypass (TECAB) Surgery, Minimally Invasive Surgery",UChicago Medicine Duchossois Center for Advanced Medicine - Hyde Park,Hyde Park,5758 S. Maryland Ave.,"Chicago, IL",60637,Husam,Balkhy,Y,"English, Arabic"
Heart & Vascular,Cardiac Surgery,"Robotic Heart Surgery, Atrial Fibrillation Surgery, Total Endoscopic Coronary Artery Bypass (TECAB) Surgery, Minimally Invasive Surgery",UChicago Medicine River East,River East,355 E Grand Ave.,"Chicago, IL",60611,Husam,Balkhy,Y,"English, Arabic"
Heart & Vascular,Non-Interventional Cardiology,General Cardiology; Women's Heart Health,Comer Children's Hospital,Hyde Park,5721 S. Maryland Ave.,"Chicago, IL",60637,Ibettcolina,Garcia,Y,English
Gastroenterology,Gastroenterology (Motility/General),GERD; Dysphagia; Achalasia; Esophageal motility,UChicago Medicine Duchossois Center for Advanced Medicine - Hyde Park,Hyde Park,5758 S. Maryland Ave.,"Chicago, IL",60637,Ibrahim,Hanouneh,Y,English
Heart & Vascular,Interventional Cardiology,Coronary Artery Disease; TAVR; Mitral Clip; Patient Foramen Ovale (PFO),UChicago Medicine Duchossois Center for Advanced Medicine - Hyde Park,Hyde Park,5758 S. Maryland Ave.,"Chicago, IL",60637,Jay,Khambhati,Y,English
Heart & Vascular,Interventional Cardiology,Coronary Artery Disease; TAVR; Mitral Clip; Patient Foramen Ovale (PFO),UChicago Medicine Crown Point,Crown Point,10855 Virginia St.,"Crown Point, IN",46307,Jay,Khambhati,Y,English
Heart & Vascular,Cardio-Oncology,"Cardio-Oncology (Director, Cardio-Oncology Program at U Chicago); Hypertension, Echocardiography, Heart Failure; Coronary artery Disease, Heart Valve Disease; Women's Heart Disease, Cardiac Side Effects of Cancer Therapy, General Cardiology",UChicago Medicine Duchossois Center for Advanced Medicine - Hyde Park,Hyde Park,5758 S. Maryland Ave.,"Chicago, IL",60637,Jeanne,DeCara,Y,English
Heart & Vascular,Non-Interventional Cardiology,General Cardiology,UChicago Medicine Duchossois Center for Advanced Medicine - Hyde Park,Hyde Park,5758 S. Maryland Ave.,"Chicago, IL",60637,Jeremy,Ward,Y,English
Gastroenterology,Gastroenterology (Hepatology),Liver Diseases; Cirrhosis; Transplant Hepatology,UChicago Medicine Duchossois Center for Advanced Medicine - Hyde Park,Hyde Park,5758 S. Maryland Ave.,"Chicago, IL",60637,Jessica,Alberts,N,English
Gastroenterology,Hepatology (Liver),"Colon Cancer, Ulcerative Colitis, Crohn's Disease, Colon Cancer Prevention, Imflammatory Bowel Disease, Fecal Microbiota Transplant",UChicago Medicine Duchossois Center for Advanced Medicine - Hyde Park,Hyde Park,5758 S. Maryland Ave.,"Chicago, IL",60637,Joel,Pekow,Y,English
Gastroenterology,Hepatology (Liver),"Colon Cancer, Ulcerative Colitis, Crohn's Disease, Colon Cancer Prevention, Imflammatory Bowel Disease, Fecal Microbiota Transplant",Uchicago Medicine Northbrook,Northbrook,400 Skokie Blvd Suite 300,"Northbrook, IL",60062,Joel,Pekow,Y,English
Heart & Vascular,Interventional Cardiology,"Congestive Heart Failure, Ventricular Assist Devices (VADs), Heart Transplant",UChicago Medicine Duchossois Center for Advanced Medicine - Hyde Park,Hyde Park,5758 S. Maryland Ave.,"Chicago, IL",60637,Jonathan,Grinstein,Y,English
Heart & Vascular,Non-Interventional Cardiology,General Cardiology,UChicago Medicine Duchossois Center for Advanced Medicine - Hyde Park,Hyde Park,5758 S. Maryland Ave.,"Chicago, IL",60637,Jonathan,Lattell,Y,English
Heart & Vascular,Interventional Cardiology,Pulmonary Embolism Therapies; DVT; Coronary Artery Disease; Peripheral Arterial Disease,UChicago Medicine Duchossois Center for Advanced Medicine - Hyde Park,Hyde Park,5758 S. Maryland Ave.,"Chicago, IL",60637,Jonathan,Paul,Y,English
Heart & Vascular,Interventional Cardiology,Pulmonary Embolism; DVT; Coronary & Peripheral Interventions,UChicago Medicine Duchossois Center for Advanced Medicine - Hyde Park,Hyde Park,5758 S. Maryland Ave.,"Chicago, IL",60637,Jonathan,Paul,Y,English
Heart & Vascular,Diagnostic Cardiology,Echocardiography; General Cardiology,UChicago Medicine Duchossois Center for Advanced Medicine - Hyde Park,Hyde Park,5758 S. Maryland Ave.,"Chicago, IL",60637,Karima,Addetia,Y,English
Heart & Vascular,Non-Interventional Cardiology,General/Preventive Cardiology,UChicago Medicine Duchossois Center for Advanced Medicine - Hyde Park,Hyde Park,5758 S. Maryland Ave.,"Chicago, IL",60637,Kathleen,Drinan,Y,English
Heart & Vascular,Non-Interventional Cardiology,Preventive Cardiology; General Cardiology,UChicago Medicine Duchossois Center for Advanced Medicine - Hyde Park,Hyde Park,5758 S. Maryland Ave.,"Chicago, IL",60637,Leo,Gozdecki,Y,English
Heart & Vascular,Vascular Surgery,"Aortic Disease, Cerebrovascular Disease, Peripheral Vascular Disease",UChicago Medicine Duchossois Center for Advanced Medicine - Hyde Park,Hyde Park,5758 S. Maryland Ave.,"Chicago, IL",60637,Luka,Pocivavsek,Y,English
Heart & Vascular,Vascular Surgery,"Aortic Disease, Cerebrovascular Disease, Peripheral Vascular Disease",Uchicago Medicine Hinsdale,Hinsdale,11 Salt Creek Lane Suite 300,"Hinsdale, IL",60521,Luka,Pocivavsek,Y,English
Heart & Vascular,Interventional Cardiology,Heart Failure; Heart Transplant,UChicago Medicine Duchossois Center for Advanced Medicine - Hyde Park,Hyde Park,5758 S. Maryland Ave.,"Chicago, IL",60637,Manreet,Kanwar,Y,English
Gastroenterology,Hepatology (Liver),"Liver Diseases, Colonoscopy",UChicago Medicine Duchossois Center for Advanced Medicine - Hyde Park,Hyde Park,5758 S. Maryland Ave.,"Chicago, IL",60637,Marc,Bisonette,Y,English
Heart & Vascular,Non-Interventional Cardiology,General Cardiology,UChicago Medicine Duchossois Center for Advanced Medicine - Hyde Park,Hyde Park,5758 S. Maryland Ave.,"Chicago, IL",60637,Mark,Belkin,Y,English
Heart & Vascular,Non-Interventional Cardiology,General Cardiology,UChicago Medicine Duchossois Center for Advanced Medicine - Hyde Park,Hyde Park,5758 S. Maryland Ave.,"Chicago, IL",60637,Martin,Gruca,Y,English
Gastroenterology,Hepatology (Liver),"Cirrhosis, Fatty Liver Disease, Hepatitis, Liver Cancer, Liver Diseases, Liver Transplant",UChicago Medicine Duchossois Center for Advanced Medicine - Hyde Park,Hyde Park,5758 S. Maryland Ave.,"Chicago, IL",60637,Matthew,Odenwald,Y,English
Heart & Vascular,Non-Interventional Cardiology,"Coronary Artery Disease, Echocardiography, General Cardiology, Hyperlipidemia, Hypertension, Preventive Cardiology",UChicago Medicine Duchossois Center for Advanced Medicine - Hyde Park,Hyde Park,5758 S. Maryland Ave.,"Chicago, IL",60637,Matthew,Sorrentino,Y,English
Heart & Vascular,Non-Interventional Cardiology,"Coronary Artery Disease, Echocardiography, General Cardiology, Hyperlipidemia, Hypertension, Preventive Cardiology",UChicago Medicine River East,River East,355 E Grand Ave.,"Chicago, IL",60611,Matthew,Sorrentino,Y,English
Gastroenterology,Hepatology (Liver),"Liver disease; Cirrhosis; Liver transplantation; NAFLD, NASH",UChicago Medicine Duchossois Center for Advanced Medicine - Hyde Park,Hyde Park,5758 S. Maryland Ave.,"Chicago, IL",60637,Michael,Charlton,N,English
Heart & Vascular,Non-Interventional Cardiology,Preventive Cardiology; Lipid Disorders; Cardiovascular Risk Reduction,UChicago Medicine River East,River East,355 E Grand Ave.,"Chicago, IL",60611,Michael,Davidson,Y,English
Heart & Vascular,Pedatric Cardiology,"Connective Tissue Diseases, Echocardiography, Aortic Aneurysms, Marfan Syndrome, Congenital Heart Disease in Children, Adult Congenital Heart Disease, Pulmonary Arterial Hypertension, Hypertrophic Cardiomyopathy",Comer Children's Hospital,Hyde Park,5721 S. Maryland Ave.,"Chicago, IL",60637,Michael,Earing,Y,English
Heart & Vascular,Pedatric Cardiology,"Connective Tissue Diseases, Echocardiography, Aortic Aneurysms, Marfan Syndrome, Congenital Heart Disease in Children, Adult Congenital Heart Disease, Pulmonary Arterial Hypertension, Hypertrophic Cardiomyopathy",UChicago Medicine Duchossois Center for Advanced Medicine - Hyde Park,Hyde Park,5758 S. Maryland Ave.,"Chicago, IL",60637,Michael,Earing,Y,English
Heart & Vascular,Pedatric Cardiology,"Connective Tissue Diseases, Echocardiography, Aortic Aneurysms, Marfan Syndrome, Congenital Heart Disease in Children, Adult Congenital Heart Disease, Pulmonary Arterial Hypertension, Hypertrophic Cardiomyopathy",UChicago Medicine Orland Park,Orland Park,14290 South La Grange Rd,"Orland Park, IL",60462,Michael,Earing,Y,English
Oncology (Cancer),,Head & Neck Cancer; Lung cancer; Multimodality therapy,UChicago Medicine Duchossois Center for Advanced Medicine - Hyde Park,Hyde Park,5758 S. Maryland Ave.,"Chicago, IL",60637,Everett,Vokes,Y,English
Oncology (Cancer),,Genitourinary cancers; Bladder; Prostate; Kidney; Testicular,UChicago Medicine Duchossois Center for Advanced Medicine - Hyde Park,Hyde Park,5758 S. Maryland Ave.,"Chicago, IL",60637,Peter,O'Donnell,N,English
Oncology (Cancer),,Breast; Gynecologic cancers; Novel therapeutics,UChicago Medicine Duchossois Center for Advanced Medicine - Hyde Park,Hyde Park,5758 S. Maryland Ave.,"Chicago, IL",60637,Gini,Fleming,Y,English
Oncology (Cancer),,Advanced prostate cancer; GU malignancies,UChicago Medicine Duchossois Center for Advanced Medicine - Hyde Park,Hyde Park,5758 S. Maryland Ave.,"Chicago, IL",60637,Russell,Szmulewitz,Y,English
Oncology (Cancer),,Lymphoma; CLL; CAR T-cell therapy,UChicago Medicine Duchossois Center for Advanced Medicine - Hyde Park,Hyde Park,5758 S. Maryland Ave.,"Chicago, IL",60637,Peter,Riedell,N,English
Oncology (Cancer),,GI oncology; Pancreatic cancer,UChicago Medicine Duchossois Center for Advanced Medicine - Hyde Park,Hyde Park,5758 S. Maryland Ave.,"Chicago, IL",60637,Joseph,Franses,N,English
Oncology (Cancer),,General oncology; Hematology,UChicago Medicine Duchossois Center for Advanced Medicine - Hyde Park,Hyde Park,5758 S. Maryland Ave.,"Chicago, IL",60637,Nan,Chen,N,English
Oncology (Cancer),Hematology/Oncology,"Gynecologic Malignancy, Breast Cancer",UChicago Medicine at Ingalls - Flossmoor,Ingalls - Flossmoor,19550 Governors Hwy.,"Flossmoor, IL",60422,Ivy,Abraham,Y,English
Oncology (Cancer),Hematology/Oncology,"Gynecologic Malignancy, Breast Cancer",UChicago Medicine at Ingalls - Calumet City,Calumet City,1600 Torrence Ave.,"Calumet City, IL",60409,Ivy,Abraham,Y,English
Oncology (Cancer),Hematology/Oncology,General oncology; Hematology,UChicago Medicine Duchossois Center for Advanced Medicine - Hyde Park,Hyde Park,5758 S. Maryland Ave.,"Chicago, IL",60637,Manik,Amin,Y,English
Oncology (Cancer),Radiation Oncology,Oligometastasis; Radiotherapy; Radio-immunotherapy,UChicago Medicine Duchossois Center for Advanced Medicine - Hyde Park,Hyde Park,5758 S. Maryland Ave.,"Chicago, IL",60637,Ralph,Weichselbaum,Y,English
Oncology (Cancer),Radiation Oncology,SRS; IMRT; Brain; Breast; GI cancers,UChicago Medicine Duchossois Center for Advanced Medicine - Hyde Park,Hyde Park,5758 S. Maryland Ave.,"Chicago, IL",60637,Steven,Chmura,Y,English
Oncology (Cancer),Radiation Oncology,General radiation oncology; Head & Neck; GU; Breast,UChicago Medicine Duchossois Center for Advanced Medicine - Hyde Park,Hyde Park,5758 S. Maryland Ave.,"Chicago, IL",60637,Muzamil,Arshad,N,English
Oncology (Cancer),Radiation Oncology,Brain; Spine; Head & Neck; Breast; Lung; GI; GU; Skin,UChicago Medicine Crown Point,Crown Point,10855 Virginia St.,"Crown Point, IN",46307,Joshua,Lorenz,N,English
Oncology (Cancer),Radiation Oncology,Lung; Esophageal; Head & Neck cancer,UChicago Medicine Orland Park,Orland Park,14290 S. La Grange Rd.,"Orland Park, IL",60462,Daniel,Haraf,Y,English
Oncology (Cancer),Gynecologic Oncology,Ovarian; Cervical; Endometrial; Comprehensive longitudinal care,UChicago Medicine Duchossois Center for Advanced Medicine - Hyde Park,Hyde Park,5758 S. Maryland Ave.,"Chicago, IL",60637,John,Moroney,Y,English
Oncology (Cancer),Gynecologic Oncology,Ovarian; Uterine; Cervical; Vulvar; Vaginal cancers,UChicago Medicine Duchossois Center for Advanced Medicine - Hyde Park,Hyde Park,5758 S. Maryland Ave.,"Chicago, IL",60637,Nita,Lee,Y,English
Oncology (Cancer),Gynecologic Oncology,Ovarian; Cervical; Endometrial cancers; Advanced surgical techniques,UChicago Medicine Duchossois Center for Advanced Medicine - Hyde Park,Hyde Park,5758 S. Maryland Ave.,"Chicago, IL",60637,Ernst,Lengyel,Y,English
Oncology (Cancer),Gynecologic Oncology,"Gynecologic Cancers, Robotic Gynecologic Surgery, Cervical Cancer, Ovarian Cancer, Uterine Cancer, Vaginal Cancer, Vulvar Cancer, Endometrial Cancer, Gestational Tophoblastic Neoplasia",UChicago Medicine Duchossois Center for Advanced Medicine - Hyde Park,Hyde Park,5758 S. Maryland Ave.,"Chicago, IL",60637,Sarah,Ackroyd,Y,English
Oncology (Cancer),Gynecologic Oncology,"Gynecologic Cancers, Robotic Gynecologic Surgery, Cervical Cancer, Ovarian Cancer, Uterine Cancer, Vaginal Cancer, Vulvar Cancer, Endometrial Cancer, Gestational Tophoblastic Neoplasia",UChicago Medicine Crown Point,Crown Point,10855 Virginia St.,"Crown Point, IN",46307,Sarah,Ackroyd,Y,English
Oncology (Cancer),Surgical Oncology,Melanoma; Breast cancer; Sarcoma,UChicago Medicine Duchossois Center for Advanced Medicine - Hyde Park,Hyde Park,5758 S. Maryland Ave.,"Chicago, IL",60637,Cristina,O'Donoghue,N,English
Oncology (Cancer),Surgical Oncology,Breast surgery; Multidisciplinary care,UChicago Medicine Duchossois Center for Advanced Medicine - Hyde Park,Hyde Park,5758 S. Maryland Ave.,"Chicago, IL",60637,Nora,Jaskowiak,Y,English
Oncology (Cancer),Pediatric Hematology/Oncology,Solid tumors; Pediatric oncology,UChicago Medicine Duchossois Center for Advanced Medicine - Hyde Park,Hyde Park,5758 S. Maryland Ave.,"Chicago, IL",60637,Ami,Desai,Y,English
Oncology (Cancer),Pediatric Hematology/Oncology,"Sarcomas, Neuroblastoma, Solid Tumors, Adolescent & Young Adult Cancers",Comer Children's Hospital - Hyde Park,Hyde Park,5721 S. Maryland Ave.,"Chicago, IL",60637,Mark,Applebaum,Y,English
Oncology (Cancer),Pediatric Hematology/Oncology,AYA oncology; Pediatric hematologic malignancies,UChicago Medicine Duchossois Center for Advanced Medicine - Hyde Park,Hyde Park,5758 S. Maryland Ave.,"Chicago, IL",60637,James,LaBelle,Y,English
Orthopedics,Orthopaedic Surgery; Sports Medicine,Knee Injuries; Knee Replacement; Meniscus Repair and Transplantation; Shoulder Injuries; Arthroscopic Surgery; Elbow Surgery; Robotic-assisted Knee Replacement; Patellar Instability,UChicago Medicine Orland Park,Orland Park,14290 S. La Grange Rd.,"Orland Park, IL",60462,Aravind,Athiviraham,Y,English; French; Spanish
Orthopedics,Orthopaedic Surgery; Sports Medicine,Knee Injuries; Knee Replacement; Meniscus Repair and Transplantation; Shoulder Injuries; Arthroscopic Surgery; Elbow Surgery; Robotic-assisted Knee Replacement; Patellar Instability,Duchossois Center for Advanced Medicine - Hyde Park,Hyde Park,5758 S. Maryland Ave.,"Chicago, IL",60637,Aravind,Athiviraham,Y,English; French; Spanish
Orthopedics,Orthopaedic Surgery; Orthopaedic Oncology (Bone Cancer); Pediatric Orthopaedic Oncology,Bone & Soft Tissue Cancers; Pediatric Bone & Soft Tissue Sarcomas; Hip Replacement; Knee Reconstruction; Total Knee Arthroplasty,UChicago Medicine Orland Park,Orland Park,14290 S. La Grange Rd.,"Orland Park, IL",60462,Tessa,Balach,N,English
Orthopedics,Orthopaedic Surgery; Orthopaedic Oncology (Bone Cancer); Pediatric Orthopaedic Oncology,Bone & Soft Tissue Cancers; Pediatric Bone & Soft Tissue Sarcomas; Hip Replacement; Knee Reconstruction; Total Knee Arthroplasty,Duchossois Center for Advanced Medicine - Hyde Park,Hyde Park,5758 S. Maryland Ave.,"Chicago, IL",60637,Tessa,Balach,Y,English
Orthopedics,Hand Surgery; Orthopaedic Surgery,Hand & Wrist Surgery; Congenital Hand Reconstruction; Pediatric Hand & Wrist Surgery; Peripheral Nerve Injuries,Duchossois Center for Advanced Medicine - Hyde Park,Hyde Park,5758 S. Maryland Ave.,"Chicago, IL",60637,Sofia,Bougioukli,Y,English; Greek
Orthopedics,Hand Surgery; Orthopaedic Surgery,Hand & Wrist Surgery; Congenital Hand Reconstruction; Pediatric Hand & Wrist Surgery; Peripheral Nerve Injuries,UChicago Medicine at Ingalls - Calumet City,Calumet City,1600 Torrence Ave.,"Calumet City, IL",60409,Sofia,Bougioukli,Y,English; Greek
Orthopedics,Orthopaedic Surgery,Shoulder Surgery; Shoulder Arthroscopy; Shoulder Replacement; Shoulder Instability; Osteoarthritis,UChicago Medicine Orland Park,Orland Park,14290 S. La Grange Rd.,"Orland Park, IL",60462,Lewis,Shi,Y,English
Orthopedics,Orthopaedic Surgery,Shoulder Surgery; Shoulder Arthroscopy; Shoulder Replacement; Shoulder Instability; Osteoarthritis,Duchossois Center for Advanced Medicine - Hyde Park,Hyde Park,5758 S. Maryland Ave.,"Chicago, IL",60637,Lewis,Shi,Y,English
Orthopedics,Orthopaedic Surgery; Hand Surgery,Wrist Surgery; Elbow Surgery; Peripheral Nerve Surgery; Upper Extremity Surgery; Hand & Wrist Arthritis,UChicago Medicine Orland Park,Orland Park,14290 S. La Grange Rd.,"Orland Park, IL",60462,Jeffrey,Stepan,Y,English
Orthopedics,Orthopaedic Surgery; Hand Surgery,Wrist Surgery; Elbow Surgery; Peripheral Nerve Surgery; Upper Extremity Surgery; Hand & Wrist Arthritis,Duchossois Center for Advanced Medicine - Hyde Park,Hyde Park,5758 S. Maryland Ave.,"Chicago, IL",60637,Jeffrey,Stepan,Y,English
Orthopedics,Orthopaedic Surgery (Adult Joint Reconstruction),Hip Surgery; Knee Surgery; Hip Replacement; Knee Replacement; Total Joint Replacement; Revision Total Joint Replacement; Robotic Knee Replacement,UChicago Medicine Orland Park,Orland Park,14290 S. La Grange Rd.,"Orland Park, IL",60462,Sara,Wallace,Y,English
Orthopedics,Orthopaedic Surgery (Adult Joint Reconstruction),Hip Surgery; Knee Surgery; Hip Replacement; Knee Replacement; Total Joint Replacement; Revision Total Joint Replacement; Robotic Knee Replacement,Duchossois Center for Advanced Medicine - Hyde Park,Hyde Park,5758 S. Maryland Ave.,"Chicago, IL",60637,Sara,Wallace,Y,English
Orthopedics,Orthopaedic Surgery (Adult Joint Reconstruction),Hip Surgery; Knee Surgery; Hip Replacement; Knee Replacement; Total Joint Replacement; Revision Total Joint Replacement; Robotic Knee Replacement,UChicago Medicine Orthopaedics - La Grange,La Grange,"5201 South Willow Spring Road, Suite 340","La Grange, IL",60525,Sara,Wallace,Y,English
Orthopedics,Orthopaedic Surgery; Spine Surgery,Spine Surgery; Degenerative Spine Disorders; Spine Tumors; Revision Spine Surgery; Spinal Deformities,UChicago Medicine Orland Park,Orland Park,14290 S. La Grange Rd.,"Orland Park, IL",60462,Michael,Lee,Y,English
Orthopedics,Orthopaedic Surgery; Spine Surgery,Spine Surgery; Degenerative Spine Disorders; Spine Tumors; Revision Spine Surgery; Spinal Deformities,Duchossois Center for Advanced Medicine - Hyde Park,Hyde Park,5758 S. Maryland Ave.,"Chicago, IL",60637,Michael,Lee,Y,English
Orthopedics,Orthopaedic Surgery,Shoulder Surgery; Elbow Surgery; Arthroscopic Shoulder Surgery; Shoulder Instability; Shoulder Tendonitis,UChicago Medicine Orland Park,Orland Park,14290 S. La Grange Rd.,"Orland Park, IL",60462,Nicholas,Maassen,N,English
Orthopedics,Orthopaedic Surgery,Shoulder Surgery; Elbow Surgery; Arthroscopic Shoulder Surgery; Shoulder Instability; Shoulder Tendonitis,Duchossois Center for Advanced Medicine - Hyde Park,Hyde Park,5758 S. Maryland Ave.,"Chicago, IL",60637,Nicholas,Maassen,N,English
Orthopedics,Orthopaedic Surgery (Foot & Ankle),Foot Surgery; Ankle Surgery; Foot/Ankle Fractures; Ankle Arthroscopy; Total Ankle Replacement; Bunion Correction; Minimally Invasive Surgery,Duchossois Center for Advanced Medicine - Hyde Park,Hyde Park,5758 S. Maryland Ave.,"Chicago, IL",60637,Wonyong,Lee,N,English; Korean
Orthopedics,Orthopaedic Surgery (Foot & Ankle),Foot Surgery; Ankle Surgery; Foot/Ankle Fractures; Ankle Arthroscopy; Total Ankle Replacement; Bunion Correction; Minimally Invasive Surgery,UChicago Medicine at Ingalls - Calumet City,Calumet City,1600 Torrence Ave.,"Calumet City, IL",60409,Wonyong,Lee,Y,English; Korean
Orthopedics,Orthopaedic Surgery; Trauma Surgery,Trauma Orthopaedic Surgery; Fracture Care,Duchossois Center for Advanced Medicine - Hyde Park,Hyde Park,5758 S. Maryland Ave.,"Chicago, IL",60637,Gregory,Schimizzi,Y,English
Orthopedics,Pediatric Orthopaedic Surgery,Fracture Care; Leg Length Discrepancies; Scoliosis; Ligament Reconstruction; Hand Surgery – Orthopaedics,UChicago Medicine Crown Point,Crown Point,10855 Virginia St.,"Crown Point, IN",46307,Lorin,Brown,Y,English
Orthopedics,Pediatric Orthopaedic Surgery; Orthopaedic Surgery,"Shoulder Surgery, Pediatric Neck Surgery, Pediatric Elbow Surgery, Pediatric Wrist Surgery, Hip Surgery, Knee Surgery, Limb Deformities, Scoliosis, Back Surgery, Deformity Correction Surgery, Acquired Extremity Deformities, Overuse Musculoskeletal Injuries, Acute & Chronic Injuries, Joint Replacement",Comer Children's Hospital - Hyde Park,Hyde Park,5721 S. Maryland Ave.,"Chicago, IL",60637,Clarabelle,DeVries,Y,English
Orthopedics,Pediatric Orthopaedic Surgery; Orthopaedic Surgery,"Shoulder Surgery, Pediatric Neck Surgery, Pediatric Elbow Surgery, Pediatric Wrist Surgery, Hip Surgery, Knee Surgery, Limb Deformities, Scoliosis, Back Surgery, Deformity Correction Surgery, Acquired Extremity Deformities, Overuse Musculoskeletal Injuries, Acute & Chronic Injuries, Joint Replacement",UChicago Medicine Orthopaedics - La Grange,La Grange,"5201 South Willow Spring Road, Suite 340","La Grange, IL",60525,Clarabelle,DeVries,Y,English
Orthopedics,Orthopaedic Surgery; Sports Medicine,"Shoulder Arthroscopy, Knee Arthroscopy, Hip Arthroscopy, Elbow Arthroscopy, Ankle Arthroscopy, Sports Medicine",Duchossois Center for Advanced Medicine - Hyde Park,Hyde Park,5758 S. Maryland Ave.,"Chicago, IL",60637,Sherwin,Ho,N,English
Orthopedics,Orthopaedic Surgery; Sports Medicine,"Shoulder Arthroscopy, Knee Arthroscopy, Hip Arthroscopy, Elbow Arthroscopy, Ankle Arthroscopy, Sports Medicine",UChicago Medicine Orland Park,Orland Park,14290 S. La Grange Rd.,"Orland Park, IL",60462,Sherwin,Ho,N,English
Orthopedics,Orthopaedic Surgery; Hip & Knee Reconstruction; Orthopaedic Oncology,Total Hip & Knee Replacement (robotic-assisted); Bone & Soft Tissue Tumors,Duchossois Center for Advanced Medicine - Hyde Park,Hyde Park,5758 S. Maryland Ave.,"Chicago, IL",60637,Hue,Luu,Y,English
Orthopedics,Orthopaedic Surgery; Spine Surgery,Complex Spine; Degenerative Spine; Revision Spine; Minimally Invasive Spine,Duchossois Center for Advanced Medicine - Hyde Park,Hyde Park,5758 S. Maryland Ave.,"Chicago, IL",60637,Rebecca,Kuo,Y,English
Orthopedics,Orthopaedic Surgery; Hand & Upper Extremity,Hand & Wrist Surgery/Elbow Surgery; Peripheral Nerve; Upper Extremity Trauma,Duchossois Center for Advanced Medicine - Hyde Park,Hyde Park,5758 S. Maryland Ave.,"Chicago, IL",60637,Jacob,Wolf,Y,English
Orthopedics,Orthopaedic Surgery; Hand & Upper Extremity; Pediatric Orthopaedics,Hand/Wrist/Elbow; Congenital Hand; Pediatric Upper Extremity,Duchossois Center for Advanced Medicine - Hyde Park,Hyde Park,5758 S. Maryland Ave.,"Chicago, IL",60637,Megan,Conti,Y,English
Orthopedics,Orthopaedic Surgery; Hand & Upper Extremity; Pediatric Orthopaedics,Hand/Wrist/Elbow; Congenital Hand; Pediatric Upper Extremity,UChicago Medicine Orland Park,Orland Park,14290 S. La Grange Rd.,"Orland Park, IL",60462,Megan,Conti,Y,English
Orthopedics,Pediatric Orthopaedic Surgery,"Hip Surgery, Knee Surgery, Fracture Care, Spinal Cord Disorders, Scoliosis, Cerebral Palsy, Acute & Chronic Injuries, Limb Deformities, Joint Replacement",UChicago Medicine Orland Park,Orland Park,14290 S. La Grange Rd.,"Orland Park, IL",60462,Christopher,Sullivan,Y,English
Orthopedics,Pediatric Orthopaedic Surgery,"Hip Surgery, Knee Surgery, Fracture Care, Spinal Cord Disorders, Scoliosis, Cerebral Palsy, Acute & Chronic Injuries, Limb Deformities, Joint Replacement",Comer Children's Hospital - Hyde Park,Hyde Park,5721 S. Maryland Ave.,"Chicago, IL",60637,Christopher,Sullivan,Y,English
Orthopedics,Orthopaedic Surgery; Pediatric Orthopaedic Surgery,Pediatric Hip/Knee/Shoulder/Elbow; Scoliosis; Trauma; Joint Replacement,Comer Children's Hospital - Hyde Park,Hyde Park,5721 S. Maryland Ave.,"Chicago, IL",60637,Rachel,Garfinkel,Y,English
Orthopedics,Orthopaedic Surgery; Pediatric Orthopaedic Surgery,Pediatric Hip/Knee/Shoulder/Elbow; Scoliosis; Trauma; Joint Replacement,UChicago Medicine Crown Point,Crown Point,10855 Virginia St.,"Crown Point, IN",46307,Rachel,Garfinkel,Y,English
Orthopedics,Orthopaedic Surgery; Pediatric Orthopaedic Surgery,Pediatric Fracture Care; Scoliosis; Ligament Reconstruction; Hand Surgery,UChicago Medicine Crown Point,Crown Point,10855 Virginia St.,"Crown Point, IN",46307,Lorin,Brown,Y,English
Orthopedics,Orthopaedic Surgery; Trauma,Complex Fractures (Upper & Lower Extremity); Periarticular Fractures; Polytrauma,Duchossois Center for Advanced Medicine - Hyde Park,Hyde Park,5758 S. Maryland Ave.,"Chicago, IL",60637,Mary,Erdman,Y,English
Orthopedics,Pediatric Sports Medicine,"Concussion & Brain Injuries, Sports Injuries, Hip Problems",Comer Children's Hospital - Hyde Park,Hyde Park,5721 S. Maryland Ave.,"Chicago, IL",60637,Holly,Benjamin,Y,English
Orthopedics,Pediatric Sports Medicine,"Concussion & Brain Injuries, Sports Injuries, Hip Problems",UChicago Medicine Orland Park,Orland Park,14290 S. La Grange Rd.,"Orland Park, IL",60462,Holly,Benjamin,Y,English
Orthopedics,"Orthopedic Surgery, Hand Surgery","Hand & Wrist Surgery, Congenital Hand Reconstruction, Peripheral Nerve Injuries, Osteoarthritis",Duchossois Center for Advanced Medicine - Hyde Park,Hyde Park,5758 S. Maryland Ave.,"Chicago, IL",60637,Sofia,Bougiokli,Y,"English, Greek"
Orthopedics,"Orthopedic Surgery, Hand Surgery","Hand & Wrist Surgery, Congenital Hand Reconstruction, Peripheral Nerve Injuries, Osteoarthritis",UChicago Medicine at Ingalls - Calumet City,Calumet City,1600 Torrence Ave.,"Calumet City, IL",60409,Sofia,Bougiokli,Y,"English, Greek"
Orthopedics,Orthopaedic Surgery; Shoulder & Elbow,Shoulder Arthroscopy; Shoulder Replacement; Instability; Tendon Repair,Duchossois Center for Advanced Medicine - Hyde Park,Hyde Park,5758 S. Maryland Ave.,"Chicago, IL",60637,Lewis,Shi,Y,English
Orthopedics,Orthopaedic Surgery; Shoulder & Elbow,Shoulder Arthroscopy; Shoulder Replacement; Instability; Tendon Repair,UChicago Medicine Orland Park,Orland Park,14290 S. La Grange Rd.,"Orland Park, IL",60462,Lewis,Shi,Y,English
Orthopedics,Orthopaedic Surgery; Shoulder & Elbow,"Shoulder Surgery, Elbow Surgery; Shoulder Arthroscopy; Instability; Tendonitis",Duchossois Center for Advanced Medicine - Hyde Park,Hyde Park,5758 S. Maryland Ave.,"Chicago, IL",60637,Nicholas,Maassen,Y,English
Orthopedics,Orthopaedic Surgery; Shoulder & Elbow,"Shoulder Surgery, Elbow Surgery; Shoulder Arthroscopy; Instability; Tendonitis",UChicago Medicine Orland Park,Orland Park,14290 S. La Grange Rd.,"Orland Park, IL",60462,Nicholas,Maassen,Y,English
Orthopedics,Orthopaedic Surgery; Foot & Ankle,"Foot Surgery, Ankle Surgery; Total Ankle Replacement; Minimally Invasive Foot Surgery",Duchossois Center for Advanced Medicine - Hyde Park,Hyde Park,5758 S. Maryland Ave.,"Chicago, IL",60637,Wonyong,Lee,Y,English
Orthopedics,Orthopaedic Surgery; Foot & Ankle,"Foot Surgery, Ankle Surgery; Total Ankle Replacement; Minimally Invasive Foot Surgery",UChicago Medicine at Ingalls - Calumet City,Calumet City,1600 Torrence Ave.,"Calumet City, IL",60409,Wonyong,Lee,Y,English
Orthopedics,Orthopaedic Surgery; Orthopaedic Oncology,Bone & Soft Tissue Sarcomas; Limb Salvage; Joint Reconstruction,Duchossois Center for Advanced Medicine - Hyde Park,Hyde Park,5758 S. Maryland Ave.,"Chicago, IL",60637,Tessa,Balach,Y,English
OB/Gyn,Obstetrics and Gynecology (General),Abnormal uterine bleeding; Abnormal Pap smear; High-risk pregnancy; Contraception & family planning,UChicago Medicine Duchossois Center for Advanced Medicine - Hyde Park,Hyde Park,5758 S. Maryland Ave.,"Chicago, IL",60637,Shivika,Trivedi,Y,"English, Hindi"
OB/Gyn,Obstetrics and Gynecology (General),Comprehensive women's health; Well-woman care; Prenatal care,UChicago Medicine Duchossois Center for Advanced Medicine - Hyde Park,Hyde Park,5758 S. Maryland Ave.,"Chicago, IL",60637,Jana,Richards,Y,English
OB/Gyn,Obstetrics and Gynecology (General),General obstetrics; Gynecologic care,UChicago Medicine Duchossois Center for Advanced Medicine - Hyde Park,Hyde Park,5758 S. Maryland Ave.,"Chicago, IL",60637,Melinda,Lukens,Y,English
OB/Gyn,Obstetrics and Gynecology (General),Uterine fibroids; Abnormal uterine bleeding; Irregular menses; Perimenopause/menopause,UChicago Medicine Duchossois Center for Advanced Medicine - Hyde Park,Hyde Park,5758 S. Maryland Ave.,"Chicago, IL",60637,Monica,Christmas,N,English
OB/Gyn,Obstetrics and Gynecology (General),"Uterine fibroids; Abnormal uterine bleeding; Irregular menses; Perimenopause, Menopause",UChicago Medicine River East,River East,355 E Grand Ave.,"Chicago, IL",60611,Monica,Christmas,N,English
OB/Gyn,Obstetrics and Gynecology (General),General obstetrics and gynecology,UChicago Medicine Duchossois Center for Advanced Medicine - Hyde Park,Hyde Park,5758 S. Maryland Ave.,"Chicago, IL",60637,Julia,Simon,Y,English
OB/Gyn,Maternal-Fetal Medicine (High-Risk Obstetrics),High-risk pregnancy; Maternal-fetal diagnosis & management,UChicago Medicine Duchossois Center for Advanced Medicine - Hyde Park,Hyde Park,5758 S. Maryland Ave.,"Chicago, IL",60637,Ashish,Premkumar,Y,English
OB/Gyn,Gynecologic Oncology,Ovarian cancer; Cervical cancer; Endometrial cancer; Advanced surgical techniques,UChicago Medicine Duchossois Center for Advanced Medicine - Hyde Park,Hyde Park,5758 S. Maryland Ave.,"Chicago, IL",60637,Ernst,Lengyel,Y,English
OB/Gyn,Gynecologic Oncology,Ovarian; Uterine; Cervical; Vulvar; Vaginal cancers,UChicago Medicine Duchossois Center for Advanced Medicine - Hyde Park,Hyde Park,5758 S. Maryland Ave.,"Chicago, IL",60637,Nita ,Lee,N,English
OB/Gyn,Gynecologic Oncology,Ovarian; Cervical; Endometrial cancers; Comprehensive longitudinal care,UChicago Medicine Duchossois Center for Advanced Medicine - Hyde Park,Hyde Park,5758 S. Maryland Ave.,"Chicago, IL",60637,John,Moroney,Y,English
OB/Gyn,Urogynecology & Reconstructive Pelvic Surgery,Pelvic organ prolapse; Urinary incontinence; Fecal incontinence; Robotic & minimally invasive surgery,UChicago Medicine Duchossois Center for Advanced Medicine - Hyde Park,Hyde Park,5758 S. Maryland Ave.,"Chicago, IL",60637,Kimberly,Kenton,Y,English
OB/Gyn,Urogynecology & Reconstructive Pelvic Surgery,Pelvic floor disorders; Prolapse; Urinary/fecal incontinence; Birth trauma; Urogenital fistulas,UChicago Medicine Duchossois Center for Advanced Medicine - Hyde Park,Hyde Park,5758 S. Maryland Ave.,"Chicago, IL",60637,Christina,Lewicky-Gaupp,Y,English
OB/Gyn,Obstetrics and Gynecology (General),"Gynecology, Preventive & routine care; Vaginal surgery; Sterilization; Heavy menses; Cervical dysplasia",UChicago Medicine Duchossois Center for Advanced Medicine - Hyde Park,Hyde Park,5758 S. Maryland Ave.,"Chicago, IL",60637,Maryam,Siddiqui,N,English
OB/Gyn,Obstetrics and Gynecology (General),"Gynecology, Obstetrics, Comprehensive women's health",UChicago Medicine Duchossois Center for Advanced Medicine - Hyde Park,Hyde Park,5758 S. Maryland Ave.,"Chicago, IL",60637,Jayme,Castillo,N,English
OB/Gyn,Obstetrics and Gynecology (General),"Gynecology, Maternal Fetal Medicine, Gynecologic Ultrasound, High Risk Pregnancy",UChicago Medicine Duchossois Center for Advanced Medicine - Hyde Park,Hyde Park,5758 S. Maryland Ave.,"Chicago, IL",60637,Jacques,Abramowicz,Y,English
OB/Gyn,Urogynecology & Reconstructive Pelvic Surgery,Pelvic floor disorders; Fistulae; Complex lower urinary tract injuries; Congenital anomalies,UChicago Medicine Duchossois Center for Advanced Medicine - Hyde Park,Hyde Park,5758 S. Maryland Ave.,"Chicago, IL",60637,Sarah,Collins,Y,English
Neuro,Neurosurgery; Stereotactic & Functional Neurosurgery,Deep Brain Stimulation (DBS); Epilepsy surgery; Trigeminal neuralgia; Movement disorders surgery,UChicago Medicine Duchossois Center for Advanced Medicine - Hyde Park,Hyde Park,5758 S. Maryland Ave.,"Chicago, IL",60637,Peter,Warnke,Y,English
Neuro,Neurosurgery; Stereotactic & Functional Neurosurgery,DBS; Neuromodulation; Functional neurosurgery,UChicago Medicine Duchossois Center for Advanced Medicine - Hyde Park,Hyde Park,5758 S. Maryland Ave.,"Chicago, IL",60637,David,Satzer,N,English
Neuro,Neurosurgery; Neurosurgical Oncology,Brain Tumors; Pituitary tumors; Skull base; Clinical trials,UChicago Medicine Duchossois Center for Advanced Medicine - Hyde Park,Hyde Park,5758 S. Maryland Ave.,"Chicago, IL",60637,Sean,Polster,Y,English
Neuro,Neurosurgery; Complex Spine & Neuro-Oncology,Spinal Tumors; Complex spine; Minimally invasive spine; Metastatic spine disease,UChicago Medicine Duchossois Center for Advanced Medicine - Hyde Park,Hyde Park,5758 S. Maryland Ave.,"Chicago, IL",60637,Edwin,Ramos,Y,English
Neuro,Neurosurgery; Spine Surgery,"Pituitary Tumors, Brain Tumors, Pediatric Brain & Spinal Cord Tumors, Minimally Invasive Neurosurgery, Schwannomas, Trigeminal Neuralgia, Meningiomas",UChicago Medicine Duchossois Center for Advanced Medicine - Hyde Park,Hyde Park,5758 S. Maryland Ave.,"Chicago, IL",60637,Paramita,Das,Y,"English, Bengali"
Neuro,Neurosurgery; Spine Surgery,"Pituitary Tumors, Brain Tumors, Pediatric Brain & Spinal Cord Tumors, Minimally Invasive Neurosurgery, Schwannomas, Trigeminal Neuralgia, Meningiomas",UChicago Medicine at Ingalls Outpatient Center - Harvey,Ingalls - Harvey,71 W. 156th St.,"Harvey, IL",60426,Paramita,Das,Y,"English, Bengali"
Neuro,Neurosurgery; Neuro Oncology,"Pituitary Tumors, Brain Tumors, Gliomas, Schwannomas, Brain Metastases, Meningioma, Skull Base Tumors, Head & Neck Cancer",UChicago Medicine Orland Park,Orland Park,14290 S. La Grange Rd.,"Orland Park, IL",60462,Peleg,Horowitz,Y,"English, Hebrew"
Neuro,Neurosurgery; Neuro Oncology,"Pituitary Tumors, Brain Tumors, Gliomas, Schwannomas, Brain Metastases, Meningioma, Skull Base Tumors, Head & Neck Cancer",UChicago Medicine Duchossois Center for Advanced Medicine - Hyde Park,Hyde Park,5758 S. Maryland Ave.,"Chicago, IL",60637,Peleg,Horowitz,Y,"English, Hebrew"
Neuro,Neurosurgery; Spine Surgery,Minimally invasive spine; Spinal fusions; Spine fracture repair; Spinal tumors; Microdiscectomy; Foraminotomy,UChicago Medicine Duchossois Center for Advanced Medicine - Hyde Park,Hyde Park,5758 S. Maryland Ave.,"Chicago, IL",60637,Martin,Herman,Y,English
Neuro,Neurology,"Epilepsy, Seizures, Director - Epilepsy Research",UChicago Medicine Duchossois Center for Advanced Medicine - Hyde Park,Hyde Park,5758 S. Maryland Ave.,"Chicago, IL",60637,Naoum,Issa,Y,English
Neuro,Neurology,"Epilepsy, Seizures, Director - Epilepsy Research",UChicago Medicine Crown Point,Crown Point,10855 Virginia St.,"Crown Point, IN",46307,Naoum,Issa,Y,English
Neuro,Neurology,"Acute Disseminated Encephalomyelitis (ADEM), Lupus, Multiple Sclerosis, Connective Tissue Diseases, Sjogren's Syndrome, Neurosarcoidosis, Demyelinating Disease, MOG Antibody Disease",UChicago Medicine Orland Park,Orland Park,14290 S. La Grange Rd.,"Orland Park, IL",60462,Adil,Javed,Y,English
Neuro,Neurology,"Acute Disseminated Encephalomyelitis (ADEM), Lupus, Multiple Sclerosis, Connective Tissue Diseases, Sjogren's Syndrome, Neurosarcoidosis, Demyelinating Disease, MOG Antibody Disease",UChicago Medicine Duchossois Center for Advanced Medicine - Hyde Park,Hyde Park,5758 S. Maryland Ave.,"Chicago, IL",60637,Adil,Javed,Y,English
Neuro,Neurology,"Acute Disseminated Encephalomyelitis (ADEM), Lupus, Multiple Sclerosis, Connective Tissue Diseases, Sjogren's Syndrome, Neurosarcoidosis, Demyelinating Disease, MOG Antibody Disease",UChicago Medicine at Ingalls - Flossmoor,Ingalls - Flossmoor,19550 Governors Hwy.,"Flossmoor, IL",60462,Adil,Javed,Y,English
Neuro,Neurology,"Otoneurology, Dizziness",UChicago Medicine River East,River East,355 E Grand Ave.,"Chicago, IL",60611,Marcello,Cherchi,Y,English
Neuro,Vascular Neurology,"Stroke, Cerebrovascular Diseases, Brain Aneurysm, Cerebral Ischemia, Ischemic Stroke, Vascular Dementia, Arteriovenous Malformations",UChicago Medicine Duchossois Center for Advanced Medicine - Hyde Park,Hyde Park,5758 S. Maryland Ave.,"Chicago, IL",60637,James,Bronson,Y,English
Neuro,Vascular Neurology,"Stroke, Cerebrovascular Diseases, Brain Aneurysm, Cerebral Ischemia, Ischemic Stroke, Vascular Dementia, Arteriovenous Malformations",UChicago Medicine Orland Park,Orland Park,14290 S. La Grange Rd.,"Orland Park, IL",60462,James,Bronson,Y,English
Neuro,Pediatric Neurosurgery,Pediatric Brain Tumors; Chiari malformation; Hydrocephalus; Epilepsy surgery (pediatric),UChicago Medicine Duchossois Center for Advanced Medicine - Hyde Park,Hyde Park,5758 S. Maryland Ave.,"Chicago, IL",60637,Bakhtiar,Yamini,N,English
Neuro,Neurology; Movement Disorders,"Movement Disorders, Parkinson's Disease, Deep Brain Stimulation, Dystonia, Chorea, Myclonus, Neuromonitoring",UChicago Medicine Duchossois Center for Advanced Medicine - Hyde Park,Hyde Park,5758 S. Maryland Ave.,"Chicago, IL",60637,Behzad,Elahi,Y,English
Neuro,Neurology; Neuroimmunology (Multiple Sclerosis),Multiple sclerosis; Neuromyelitis optica; Autoimmune encephalitis; Demyelinating disease,UChicago Medicine Duchossois Center for Advanced Medicine - Hyde Park,Hyde Park,5758 S. Maryland Ave.,"Chicago, IL",60637,Veronica,Cipriani,Y,English
Neuro,Neurology; Headache Medicine,Chronic migraine; Headache disorders,UChicago Medicine Duchossois Center for Advanced Medicine - Hyde Park,Hyde Park,5758 S. Maryland Ave.,"Chicago, IL",60637,Peining,Hsu,Y,English
Neuro,Neurology; General Neurology & Epilepsy,Epilepsy; Seizures; Headache; Dementia; Parkinson’s disease; Stroke; MS; Neuropathy,UChicago Medicine Orland Park,Orland Park,14290 S. La Grange Rd.,"Orland Park, IL",60462,Staci,Graf,Y,English
Neuro,Neurology; Vascular Neurology (Stroke),Ischemic stroke; TIA; Secondary stroke prevention; Neurohospitalist care,UChicago Medicine Duchossois Center for Advanced Medicine - Hyde Park,Hyde Park,5758 S. Maryland Ave.,"Chicago, IL",60637,James,Siegler,N,English
Neuro,Neurology; General Neurology,Brain & spinal cord disorders; General neurology,UChicago Medicine Duchossois Center for Advanced Medicine - Hyde Park,Hyde Park,5758 S. Maryland Ave.,"Chicago, IL",60637,Rachel,Mehendale,N,English
Neuro,Neurology; Movement Disorders,"Movement Disorders, Parkinson's Disease, Deep Brain Stimulation, Dystonia, Chorea, Myclonus, Neuromonitoring",Uchicago Medicine Hinsdale,Hinsdale,11 Salt Creek Lane Suite 300,"Chicago, IL",60521,Behzad,Elahi,Y,English
Neuro,Neurosurgery; Spine Surgery,"Spine Surgery, Minimally invasive spine; Spinal fusions; Spine fracture repair; Spinal tumors; Microdiscectomy; Foraminotomy",UChicago Medicine Orland Park,Orland Park,14290 S. La Grange Rd.,"Orland Park, IL",60462,Martin,Herman,Y,English
Neuro,"Neurology, Neurocritical Care","Ischemic Stroke, Brain Aneurysms, Stroke, Arteriovenous Malformations",UChicago Medicine Duchossois Center for Advanced Medicine - Hyde Park,Hyde Park,5758 S. Maryland Ave.,"Chicago, IL",60637,Tareq,Kasshout,Y,"English, Arabic, Spanish"
Neuro,"Neurology, Neurocritical Care","Ischemic Stroke, Brain Aneurysms, Stroke, Arteriovenous Malformations",UChicago Medicine Crown Point,Crown Point,10855 Virginia St.,"Crown Point, IN",46307,Tareq,Kasshout,Y,"English, Arabic, Spanish"
Neuro,"Neurology, Sleep Medicine","Insomnia, Sleep Disorders, Obstructive Sleep Apnea, Narcolepsy, Central Sleep Apnea, Periodic Limb Movement Disorder, Parasomnias, Migraine Headaches, Restless Legs Syndrome",UChicago Medicine South Loop,South Loop,1101 South Canal St. Suite 201,"Chicago, IL",60607,Margaret,Stacey,Y,English
Neuro,"Neurology, Sleep Medicine","Insomnia, Sleep Disorders, Obstructive Sleep Apnea, Narcolepsy, Central Sleep Apnea, Periodic Limb Movement Disorder, Parasomnias, Migraine Headaches, Restless Legs Syndrome",UChicago Medicine Duchossois Center for Advanced Medicine - Hyde Park,Hyde Park,5758 S. Maryland Ave.,"Chicago, IL",60637,Margaret,Stacey,Y,English
Neuro,Neurosurgery; Stereotactic & Functional Neurosurgery,DBS; Neuromodulation; Functional neurosurgery,UChicago Medicine Crown Point,Crown Point,10855 Virginia St.,"Crown Point, IN",46307,David,Satzer,Y,English
Neuro,Neurology; General Neurology & Epilepsy,Epilepsy; Headache; Dementia; Stroke; MS; Neuropathy,UChicago Medicine at Ingalls Outpatient Center - Flossmoor,Ingalls - Flossmoor,19550 Governors Hwy.,"Flossmoor, IL",60422,Staci,Graf,Y,English
Neuro,Neurology; Vascular Neurology (Stroke),Ischemic stroke; TIA; Secondary prevention; Neurohospitalist care,UChicago Medicine at Ingalls - Flossmoor,Ingalls - Flossmoor,19550 Governors Hwy.,"Flossmoor, IL",60422,James,Siegler,N,English
Neuro,Neurosurgery; Complex Spine & Neuro-Oncology,Spinal tumors; Complex spine; Minimally invasive spine; Metastatic spine disease,UChicago Medicine at Silver Cross (Pavilion A) - New Lenox,New Lenox,"1850 Silver Cross Blvd., Pavilion A","New Lenox, IL",60451,Edwin,Ramos,N,English
Neuro,Neurology; Headache Medicine,Chronic migraine; Headache disorders,UChicago Medicine South Loop,South Loop,1100 S. Canal St.,"Chicago, IL",60607,Peining,Hsu,Y,English
Neuro,Neurology; Neuroimmunology (Multiple Sclerosis),Multiple sclerosis; Neuromyelitis optica; Autoimmune encephalitis; Demyelinating disease,UChicago Medicine Duchossois Center for Advanced Medicine - Hyde Park,Hyde Park,5758 S. Maryland Ave.,"Chicago, IL",60637,Veronica,Cipriani,Y,English
Neuro,Neurology; Neuromuscular Medicine,Muscular dystrophies; Myopathies; Myasthenia gravis; Hereditary neuropathies; CIDP,UChicago Medicine Duchossois Center for Advanced Medicine - Hyde Park,Hyde Park,5758 S. Maryland Ave.,"Chicago, IL",60637,Carlos,Lara,Y,English
Neuro,Neurology; Neuromuscular Medicine,Neuromuscular disorders; Myasthenia gravis; Neuropathies,UChicago Medicine Duchossois Center for Advanced Medicine - Hyde Park,Hyde Park,5758 S. Maryland Ave.,"Chicago, IL",60637,Shubadra,Priyadarshini,Y,English
Neuro,Neurology; Epilepsy & Movement Disorders,Epilepsy; Parkinson's disease; Essential tremor; Huntington’s disease; Migraine,UChicago Medicine Duchossois Center for Advanced Medicine - Hyde Park,Hyde Park,5758 S. Maryland Ave.,"Chicago, IL",60637,Daniel,Orozco,N,English
Neuro,Neurology; General Neurology,General neurology; Headache; Cognitive disorders,UChicago Medicine Duchossois Center for Advanced Medicine - Hyde Park,Hyde Park,5758 S. Maryland Ave.,"Chicago, IL",60637,William,Roth,N,English
Neuro,Neurology; Neuroimmunology (Multiple Sclerosis),Multiple sclerosis; NMO; Autoimmune encephalitis,UChicago Medicine River East,River East,355 E Grand Ave.,"Chicago, IL",60611,Veronica,Cipriani,Y,English
Neuro,Neurology; Headache Medicine,Chronic migraine; Headache disorders,UChicago Medicine South Loop,South Loop,1100 S. Canal St.,"Chicago, IL",60607,Peining,Hsu,Y,English
Neuro,Neuro Oncology,Brain & Spinal Tumors,UChicago Medicine Duchossois Center for Advanced Medicine - Hyde Park,Hyde Park,5758 S. Maryland Ave.,"Chicago, IL",60637,Lauren,Singer,Y,English
Neuro,Neurology,"Ataxia Telangiectasia, Gait & Balance Disorders, Spinocerebellar Ataxias, Congenital Myasthenic Syndromes, Hereditary Parkinson's Disease",UChicago Medicine Duchossois Center for Advanced Medicine - Hyde Park,Hyde Park,5758 S. Maryland Ave.,"Chicago, IL",60637,Christopher,Gomez,Y,"English, Spanish"
Neuro,Neurology,"Hemifacial Spasm, Tics, Tremor, Tourette Syndrome, Huntington's Disease, Movement Disorders, Progressive Supranuclear Palsy, Parkinson's Disease, Botox Therapy, Deep Brain Stimulation, Dystonia, Multiple System Atrophy, Blepharospasm",UChicago Medicine Duchossois Center for Advanced Medicine - Hyde Park,Hyde Park,5758 S. Maryland Ave.,"Chicago, IL",60637,Tao,Xie,Y,"English, Cantonese, Mandarin Chinese"
Neuro,Pediatric Neurology,"Intellectual Disabilities, Genetic Brain Disease, Epilepsy, Pediatric Epilepsy, Autism Spectrum Disorder, Neurofibromatosis, Neurocutaneous Disorders, Seizures",Comer Children's Hospital - Hyde Park,Hyde Park,5721 S. Maryland Ave.,"Chicago, IL",60637,James,Tonsgard,Y,English
Neuro,Pediatric Neurology,"Intellectual Disabilities, Genetic Brain Disease, Epilepsy, Pediatric Epilepsy, Autism Spectrum Disorder, Neurofibromatosis, Neurocutaneous Disorders, Seizures",UChicago Medicine Orland Park,Orland Park,14290 S. La Grange Rd.,"Orland Park, IL",60462,James,Tonsgard,Y,English
Neuro,Neurology,"Migraine Headaches, Concussion & Brain Injuries, Stroke, Dementia",UChicago Medicine at Ingalls Outpatient Center - Harvey,Ingalls - Harvey,71 W. 156th St.,"Harvey, IL",60426,Lakshmi,Warrior,Y,English
Neuro,"Neurology, Sleep Medicine","Insomnia, Sleep Disorders, Obstructive Sleep Apnea, Narcolepsy, Central Sleep Apnea, Periodic Limb Movement Disorder, Parasomnias",UChicago Medicine Orland Park,Orland Park,14290 S. La Grange Rd.,"Orland Park, IL",60462,Kenneth,Lee,Y,English
Neuro,"Neurology, Sleep Medicine","Insomnia, Sleep Disorders, Obstructive Sleep Apnea, Narcolepsy, Central Sleep Apnea, Periodic Limb Movement Disorder, Parasomnias",UChicago Medicine Duchossois Center for Advanced Medicine - Hyde Park,Hyde Park,5758 S. Maryland Ave.,"Chicago, IL",60637,Kenneth,Lee,Y,English
Neuro,"Neurology, Sleep Medicine","Insomnia, Sleep Disorders, Obstructive Sleep Apnea, Narcolepsy, Central Sleep Apnea, Periodic Limb Movement Disorder, Parasomnias",Uchicago Medicine Hinsdale,Hinsdale,11 Salt Creek Lane Suite 300,"Hinsdale, IL",60521,Kenneth,Lee,Y,English
Neuro,Neurosurgery; Complex Spine & Neuro-Oncology,Spinal tumors; Complex spine; Minimally invasive spine; Metastatic spine disease,UChicago Medicine at Silver Cross (Pavilion A) - New Lenox,New Lenox,"1850 Silver Cross Blvd., Pavilion A","New Lenox, IL",60451,Edwin,Ramos,N,English
Neuro,Neurosurgery; Spine Surgery,Minimally invasive & robotic spine surgery; Complex spinal disorders,UChicago Medicine Duchossois Center for Advanced Medicine - Hyde Park,Hyde Park,5758 S. Maryland Ave.,"Chicago, IL",60637,Mohamad,Bydon,N,English
Heart & Vascular,Cardiac Surgery,"Aortic Surgery, Coronary Revascularization, Mitral and Tricuspid Valve Pathology, Cardiac Tumors, Heart Defects, Minimally Invasive & Robotic Heart Surgery, Aortic Aneurysms, Aortic Dissection, Atrial Fibrillation Surgery",UChicago Medicine Duchossois Center for Advanced Medicine - Hyde Park,Hyde Park,5758 S. Maryland Ave.,"Chicago, IL",60637,Miroslav,Peev,Y,"English, Bulgarian, German"
Heart & Vascular,Cardiac Surgery,"Aortic Surgery, Coronary Revascularization, Mitral and Tricuspid Valve Pathology, Cardiac Tumors, Heart Defects, Minimally Invasive & Robotic Heart Surgery, Aortic Aneurysms, Aortic Dissection, Atrial Fibrillation Surgery",UChicago Medicine at Ingalls - Flossmoor,Ingalls - Flossmoor,19550 Governors Hwy.,"Flossmoor, IL",60422,Miroslav,Peev,Y,"English, Bulgarian, German"
Heart & Vascular,Pediatric Cardiac Surgery,"Neonatal Cardiac Surgery, Venticular Assist Devices, Heart Transplant, Congenital Heart Disease, Aortic Aneurysms, Heart Valve Disease",Comer Children's Hospital - Hyde Park,Hyde Park,5721 S. Maryland Ave.,"Chicago, IL",60637,Narutoshi,Hibino,Y,"English, Japanese"
Heart & Vascular,Interventional Cardiology,Advanced Heart Failure; Transplant; Mechanical Circulatory Support; LVAD; Cardiac Amyloidosis,UChicago Medicine Duchossois Center for Advanced Medicine - Hyde Park,Hyde Park,5758 S. Maryland Ave.,"Chicago, IL",60637,Nikhil,Narang,Y,English
Gastroenterology,Gastroenterology (General),"General GI Complaints, Swallowing Disorders, Esophagus Conditions, Acid Reflux",UChicago Medicine Duchossois Center for Advanced Medicine - Hyde Park,Hyde Park,5758 S. Maryland Ave.,"Chicago, IL",60637,Nimrod,Deiss,Y,English
Gastroenterology,Gastroenterology (General),"General GI Complaints, Swallowing Disorders, Esophagus Conditions, Acid Reflux",UChicago Medicine Orland Park,Orland Park,14290 S. La Grange Rd.,"Orland Park, IL",60462,Nimrod,Deiss,Y,English
Gastroenterology,Hepatology (Liver),"Abdominal Pain, Colonoscopy",UChicago Medicine Orland Park,Orland Park,14290 S. La Grange Rd.,"Orland Park, IL",60462,Nina,Gupta,Y,"English, Hindi"
Gastroenterology,Hepatology (Liver),"Abdominal Pain, Colonoscopy",UChicago Medicine River East,River East,355 E Grand Ave.,"Chicago, IL",60611,Nina,Gupta,Y,"English, Hindi"
Heart & Vascular,Interventional Cardiology,"Cardiac Synchronization Therapy, Ventricular Assist Devices, Heart Transplant, Heart Failure, Cardiac Critical Care, Women's Heart Disease, Cardiac Amyloidosis",UChicago Medicine Duchossois Center for Advanced Medicine - Hyde Park,Hyde Park,5758 S. Maryland Ave.,"Chicago, IL",60637,Nitasha,Sarswat,Y,"English, Hindi, Punjabi, Spanish"
Heart & Vascular,Interventional Cardiology,"Ischemic Heart Disease, Carotid Artery Disease, Aortic Disease, Pulmonary Arterial Hypertension, Pulmonary Embolism Therapies, Coronary Artery Disease",UChicago Medicine Duchossois Center for Advanced Medicine - Hyde Park,Hyde Park,5758 S. Maryland Ave.,"Chicago, IL",60637,Prateek,Sharma,Y,English
Heart & Vascular,Cardiac Electrophysiology,"Atrial Fibrillation, Arrhythmias, Catheter Ablation of Cardiac Arrhythmias",UChicago Medicine Duchossois Center for Advanced Medicine - Hyde Park,Hyde Park,5758 S. Maryland Ave.,"Chicago, IL",60637,Rishi,Arora,Y,English
Heart & Vascular,Vascular Surgery,"Abdominal Aortic Aneurysms, Renal Artery Disease, Mesenteric Artery Disease, Carotid Artery Disease, Aortic Disease, Peripheral Arterial Disease",UChicago Medicine Duchossois Center for Advanced Medicine - Hyde Park,Hyde Park,5758 S. Maryland Ave.,"Chicago, IL",60637,Ross,Milner,Y,English
Heart & Vascular,Vascular Surgery,"Abdominal Aortic Aneurysms, Renal Artery Disease, Mesenteric Artery Disease, Carotid Artery Disease, Aortic Disease, Peripheral Arterial Disease",UChicago Medicine Orland Park,Orland Park,14290 South La Grange Rd,"Orland Park, IL",60462,Ross,Milner,Y,English
Heart & Vascular,Vascular Surgery,"Abdominal Aortic Aneurysms, Renal Artery Disease, Mesenteric Artery Disease, Carotid Artery Disease, Aortic Disease, Peripheral Arterial Disease",UChicago Medicine at Ingalls - Flossmoor,Ingalls - Flossmoor,19550 Governors Hwy.,"Flossmoor, IL",60422,Ross,Milner,Y,English
Gastroenterology,Gastroenterology (IBD),Inflammatory Bowel Disease; Crohn’s Disease; Ulcerative Colitis,UChicago Medicine Duchossois Center for Advanced Medicine - Hyde Park,Hyde Park,5758 S. Maryland Ave.,"Chicago, IL",60637,Russell,Cohen,Y,English
Heart & Vascular,Interventional Cardiology,"Acute Coronary Syndrome, Antiplatelet Therapies, Coronary Artery Disease",UChicago Medicine Duchossois Center for Advanced Medicine - Hyde Park,Hyde Park,5758 S. Maryland Ave.,"Chicago, IL",60637,Sandeep,Nathan,Y,"English, Malayalam"
Heart & Vascular,Vascular Surgery,"Arteriovenous Fistula Revision, Dialysis Access Procedures, Venous Insufficiency, Varicose Veins",UChicago Medicine Duchossois Center for Advanced Medicine - Hyde Park,Hyde Park,5758 S. Maryland Ave.,"Chicago, IL",60637,Sara,Gaines,Y,English
Heart & Vascular,Vascular Surgery,"Arteriovenous Fistula Revision, Dialysis Access Procedures, Venous Insufficiency, Varicose Veins",UChicago Medicine Crown Point,Crown Point,10855 Virginia St.,"Crown Point, IN",46307,Sara,Gaines,Y,English
Heart & Vascular,Interventional Cardiology,Heart Transplant,UChicago Medicine Duchossois Center for Advanced Medicine - Hyde Park,Hyde Park,5758 S. Maryland Ave.,"Chicago, IL",60637,Sara,Kalantari,Y,English
Gastroenterology,Gastroenterology (General),Colon Cancer,UChicago Medicine Duchossois Center for Advanced Medicine - Hyde Park,Hyde Park,5758 S. Maryland Ave.,"Chicago, IL",60637,Shilpa,Kailas,Y,English
Gastroenterology,Gastroenterology (General),Colon Cancer,UChicago Medicine Orland Park,Orland Park,14290 S. La Grange Rd.,"Orland Park, IL",60462,Shilpa,Kailas,Y,English
Gastroenterology,Gastroenterology (GI Genetics),Hereditary GI cancer syndromes; Lynch syndrome; Familial adenomatous polyposis,UChicago Medicine Duchossois Center for Advanced Medicine - Hyde Park,Hyde Park,5758 S. Maryland Ave.,"Chicago, IL",60637,Sonia,Kupfer,Y,English
Gastroenterology,Gastroenterology (GI Genetics),Hereditary GI cancer syndromes; Lynch; FAP,UChicago Medicine River East,River East,355 E Grand Ave.,"Chicago, IL",60611,Sonia,Kupfer,Y,English
Heart & Vascular,Non-Interventional Cardiology,General Cardiology,UChicago Medicine Duchossois Center for Advanced Medicine - Hyde Park,Hyde Park,5758 S. Maryland Ave.,"Chicago, IL",60637,Srinath,Yeshwant,Y,English
Heart & Vascular,Non-Interventional Cardiology,General Cardiology,UChicago Medicine Duchossois Center for Advanced Medicine - Hyde Park,Hyde Park,5758 S. Maryland Ave.,"Chicago, IL",60637,Stanley,Swat,Y,English
Heart & Vascular,Non-Interventional Cardiology,General Cardiology,Uchicago Medicine Hinsdale,Hinsdale,11 Salt Creek Lane Suite 300,"Hinsdale, IL",60521,Stanley,Swat,Y,English
Heart & Vascular,Cardiac Surgery,"Aotric Surgery, Ventricular Assist Devices, Heart Transplant, Heart Failure",UChicago Medicine Duchossois Center for Advanced Medicine - Hyde Park,Hyde Park,5758 S. Maryland Ave.,"Chicago, IL",60637,Takeyoshi,Ota,Y,"English, Japanese"
Heart & Vascular,Non-Interventional Cardiology,"General Cardiology; Preventive Cardiology, Hypertension, Coronary Artery Disease, Echocardiography, Women's Heart Disease",UChicago Medicine Duchossois Center for Advanced Medicine - Hyde Park,Hyde Park,5758 S. Maryland Ave.,"Chicago, IL",60637,Tamar,Polonsky,Y,English
Heart & Vascular,Non-Interventional Cardiology,"General Cardiology; Preventive Cardiology, Hypertension, Coronary Artery Disease, Echocardiography, Women's Heart Disease",UChicago Medicine River East,River East,355 E Grand Ave.,"Chicago, IL",60611,Tamar,Polonsky,Y,English
Heart & Vascular,Non-Interventional Cardiology,"Hypertension, Preventive Cardiology, Coronary Artery Disease, Echocardiography, Women's Heart Disease, General Cardiology",UChicago Medicine Duchossois Center for Advanced Medicine - Hyde Park,Hyde Park,5758 S. Maryland Ave.,"Chicago, IL",60637,Tamar,Polonsky,Y,English
Heart & Vascular,Non-Interventional Cardiology,"Hypertension, Preventive Cardiology, Coronary Artery Disease, Echocardiography, Women's Heart Disease, General Cardiology",UChicago Medicine River East,River East,355 E Grand Ave.,"Chicago, IL",60611,Tamar,Polonsky,Y,English
Gastroenterology,Hepatology (Liver),"Cirrhosis; Hepatitis; NAFLD, NASH; Transplant Hepatology",UChicago Medicine Duchossois Center for Advanced Medicine - Hyde Park,Hyde Park,5758 S. Maryland Ave.,"Chicago, IL",60637,Tarek,Hassanein,N,English
GI Surgery,GI Surgery (General/GI),Complex GI surgery; Foregut; Intestinal failure; Sepsis in surgery,UChicago Medicine Duchossois Center for Advanced Medicine - Hyde Park,Hyde Park,5758 S. Maryland Ave.,"Chicago, IL",60637,John,Alverdy,Y,English
GI Surgery,GI Surgery (Metabolic/Bariatric),Bariatric surgery; Revisional bariatric surgery; Duodenal switch; Complex foregut,UChicago Medicine Duchossois Center for Advanced Medicine - Hyde Park,Hyde Park,5758 S. Maryland Ave.,"Chicago, IL",60637,Vivek,Prachand,Y,English
GI Surgery,Surgical Oncology (GI Cancers),Pancreas; Hepatobiliary Diseases; Gastrointestinal cancers; Multidisciplinary cancer care,UChicago Medicine Duchossois Center for Advanced Medicine - Hyde Park,Hyde Park,5758 S. Maryland Ave.,"Chicago, IL",60637,Mitchell,Posner,Y,English
GI Surgery,HPB & General Surgery,Hepato-pancreato-biliary surgery; Complex GI surgery,UChicago Medicine Duchossois Center for Advanced Medicine - Hyde Park,Hyde Park,5758 S. Maryland Ave.,"Chicago, IL",60637,Jeffrey,Matthews,N,English
GI Surgery,Colorectal Surgery,Colon & Rectal surgery; IBD surgery; Diverticulitis; Pelvic floor,UChicago Medicine Duchossois Center for Advanced Medicine - Hyde Park,Hyde Park,5758 S. Maryland Ave.,"Chicago, IL",60637,Neil,Hyman,N,English
Heart & Vascular,Vascular Surgery,"Renal Artery Disease, Abdominal Aortic Aneurysms, Mesenteric Artery Disease, Carotid Artery Disease, Aortic Disease, Peripheral Arterial Disease",UChicago Medicine Duchossois Center for Advanced Medicine - Hyde Park,Hyde Park,5758 S. Maryland Ave.,"Chicago, IL",60637,Trissa,Babrowski,Y,English
GI Surgery,Surgical Oncology (GI Cancers),Pancreas; Hepatobiliary Diseases; Gastrointestinal cancers,UChicago Medicine Orland Park,Orland Park,14290 S. La Grange Rd.,"Orland Park, IL",60462,Mitchell,Posner,Y,English
Heart & Vascular,Vascular Surgery,"Renal Artery Disease, Abdominal Aortic Aneurysms, Mesenteric Artery Disease, Carotid Artery Disease, Aortic Disease, Peripheral Arterial Disease",UChicago Medicine at Ingalls - Flossmoor,Ingalls - Flossmoor,19550 Governors Hwy.,"Flossmoor, IL",60422,Trissa,Babrowski,Y,English
Gastroenterology,Gastroenterology (Advanced Endoscopy),Endoscopic ultrasound (EUS); ERCP; Pancreatobiliary disease; Complex polypectomy,UChicago Medicine Duchossois Center for Advanced Medicine - Hyde Park,Hyde Park,5758 S. Maryland Ave.,"Chicago, IL",60637,Uzma,Siddiqui,Y,English
Gastroenterology,Gastroenterology (Advanced Endoscopy),Endoscopic ultrasound (EUS); ERCP; Pancreatobiliary disease; Complex polypectomy,UChicago Medicine Orland Park,Orland Park,14290 S. La Grange Rd.,"Orland Park, IL",60462,Uzma,Siddiqui,N,English
Heart & Vascular,Cardiac Surgery,"Ventricular Assist Devices (VADs), Heart Transplant, Valvuloplasty, Heart Failure, Artificial Hearts, Minimally Invasive Cardiac Surgery, Bloodless Heart Surgery",UChicago Medicine Duchossois Center for Advanced Medicine - Hyde Park,Hyde Park,5758 S. Maryland Ave.,"Chicago, IL",60637,Valluvan,Jeevanandam,Y,"English, Tamil"
Heart & Vascular,Cardiac Electrophysiology,Catheter Ablation; Pacemakers & Defibrillators; Atrial Fibrillation; Ventricular Tachycardia,UChicago Medicine Duchossois Center for Advanced Medicine - Hyde Park,Hyde Park,5758 S. Maryland Ave.,"Chicago, IL",60637,Zaid,Aziz,Y,English
Heart & Vascular,Cardiac Electrophysiology,Catheter Ablation; Pacemakers & Defibrillators; Atrial Fibrillation; Ventricular Tachycardia,UChicago Medicine Orland Park,Orland Park,14290 S. La Grange Rd.,"Orland Park, IL",60462,Zaid,Aziz,Y,English
GI Surgery,Colorectal Surgery,Colon & Rectal Surgery; IBD Surgery; Minimally Invasive & Robotic Surgery,UChicago Medicine Duchossois Center for Advanced Medicine - Hyde Park,Hyde Park,5758 S. Maryland Ave.,"Chicago, IL",60637,Shane,Dalton,Y,English
GI Surgery,Hepatobiliary Surgery,"Hepatobiliary Diseases, Liver; Pancreas; Biliary; Complex GI Surgery",UChicago Medicine Duchossois Center for Advanced Medicine - Hyde Park,Hyde Park,5758 S. Maryland Ave.,"Chicago, IL",60637,Samer,Talik,Y,English
Urology,Urologic Oncology,"Urologic Oncology, Prostate cancer; Kidney cancer; Testicular cancer; Focal therapy; Robotic & minimally invasive surgery",UChicago Medicine Duchossois Center for Advanced Medicine - Hyde Park,Hyde Park,5758 S. Maryland Ave.,"Chicago, IL",60637,Scott,Eggener,Y,English
Urology,Urologic Oncology,"Urologic Oncology, Prostate cancer; Kidney cancer; Testicular cancer; Focal therapy; Robotic & minimally invasive surgery",UChicago Medicine River East,River East,355 E Grand Ave.,"Chicago, IL",60611,Scott,Eggener,Y,English
Urology,Urologic Oncology,"Urologic Oncology, Testis Cancer, Prostate Cancer, Bladder Cancer, Kidney Cancer",UChicago Medicine Duchossois Center for Advanced Medicine - Hyde Park,Hyde Park,5758 S. Maryland Ave.,"Chicago, IL",60637,Parth,Modi,Y,"English, Gujarati"
Urology,Urologic Oncology,"Urologic Oncology, Prostate cancer; Kidney cancer; Robotic & minimally invasive surgery",UChicago Medicine Duchossois Center for Advanced Medicine - Hyde Park,Hyde Park,5758 S. Maryland Ave.,"Chicago, IL",60637,Abhinav,Sidana,Y,English
Urology,Urologic Oncology,"Urologic Oncology, Prostate cancer; Kidney cancer; Robotic & minimally invasive surgery",Uchicago Medicine at Ingalls - Tinley Park,Ingalls - Tinley Park,6701 West 159th St,"Tinley Park, IL",60477,Abhinav,Sidana,Y,English
Urology,Minimally Invasive & Robotic Surgery,Robotic surgery; Kidney/Prostate/Bladder surgery; Complex minimally invasive urology,UChicago Medicine Duchossois Center for Advanced Medicine - Hyde Park,Hyde Park,5758 S. Maryland Ave.,"Chicago, IL",60637,Arieh,Shalhav,Y,English
Urology,Male Reproductive Medicine & Surgery,Male infertility; Vasectomy reversal; Varicocele; Erectile dysfunction; Hypogonadism,UChicago Medicine Duchossois Center for Advanced Medicine - Hyde Park,Hyde Park,5758 S. Maryland Ave.,"Chicago, IL",60637,Mike,Hsieh,N,English
Urology,Female Pelvic Medicine & Reconstructive Surgery,Urinary Incontinence; Pelvic organ prolapse; Reconstructive urology,UChicago Medicine Duchossois Center for Advanced Medicine - Hyde Park,Hyde Park,5758 S. Maryland Ave.,"Chicago, IL",60637,Christina,Karakousis,Y,English
Urology,Pediatric Urology,"Pediatric Urology, Hypospadias; Vesicoureteral reflux; Undescended testicle; Pediatric stone disease",Comer Children's Hospital - Hyde Park,Hyde Park,5721 S. Maryland Ave.,"Chicago, IL",60637,Mohamed,Mayan,Y,English
Urology,Urology (Reconstructive),Urethral stricture; Urethroplasty; Ureteral reconstruction; Complications after prostate cancer treatment,UChicago Medicine Duchossois Center for Advanced Medicine - Hyde Park,Hyde Park,5758 S. Maryland Ave.,"Chicago, IL",60637,Andrew,Hayes,Y,English
Urology,Urology (General),BPH; Stones; Hematuria; Prostate cancer screening,UChicago Medicine Crown Point,Crown Point,10855 Virginia St.,"Crown Point, IN",46307,Michael,Gore,Y,English
Urology,Urology (General),BPH; Stones; Hematuria; Prostate cancer screening,UChicago Medicine at Silver Cross (Pavilion A) - New Lenox,New Lenox,"1850 Silver Cross Blvd., Pavilion A","New Lenox, IL",60451,Michael,Gore,Y,English
Urology,"Urologic Oncology, Surgery","Bladder Cancer, Penile Cancer",UChicago Medicine Duchossois Center for Advanced Medicine - Hyde Park,Hyde Park,5758 S. Maryland Ave.,"Chicago, IL",60637,Piyush,Agarwal,Y,"English, Hindi"
Urology,"Urologic Oncology, Surgery","Minimally Invasive & Robotic Urologic Surgery, Bladder Cancer, Prostate Cancer",UChicago Medicine Duchossois Center for Advanced Medicine - Hyde Park,Hyde Park,5758 S. Maryland Ave.,"Chicago, IL",60637,Gregory,Zagaja,Y,English
Urology,Urology (General),"General Urology, Male Infertility; Vasectomy; Varicocele; Erectile dysfunction; etc.",UChicago Medicine Duchossois Center for Advanced Medicine - Hyde Park,Hyde Park,5758 S. Maryland Ave.,"Chicago, IL",60637,Denise,Asafu,Y,English
Urology,Urology (General),"General Urology, Male Infertility; Vasectomy; Varicocele; Erectile dysfunction; etc.",UChicago Medicine River East,River East,355 E Grand Ave.,"Chicago, IL",60611,Denise,Asafu,Y,English
Urology,Urology (General),"General Urology, Male Infertility; Vasectomy; Varicocele; Erectile dysfunction; etc.",UChicago Medicine South Loop,South Loop,1100 S. Canal St.,"Chicago, IL",60607,Denise,Asafu,Y,English
Urology,"Urologic Oncology, Surgery","Urologic Oncology, Erectile Dysfunction, Female Incontinence, Urinary Incontinence, Ureteral Strictures, Fistula Repair",UChicago Medicine Duchossois Center for Advanced Medicine - Hyde Park,Hyde Park,5758 S. Maryland Ave.,"Chicago, IL",60637,Sarah,Faris,Y,English
